Ballot for Workspace Name [[Si]gma Lab],Ballot for Workspace Name [UMD Physics Makerspace],Ballot for Workspace Name [Vortex],Ballot for Workspace Name [h-bar],Ballot for Workspace Name [Physics Innovation Lab (Pi Lab)],Ballot for Workspace Name [Atomic],Ballot for Workspace Name [Momentum Space],
6,3,1,5,4,2,7,
7,4,1,3,6,5,2,
1,5,4,7,6,2,3,
2,6,3,1,5,7,4,
5,4,6,2,7,3,1,
4,2,7,6,5,1,3,
,2,,3,1,,,
6,3,7,1,2,5,4,
4,5,6,2,1,7,3,
3,7,2,6,1,5,4,
4,3,7,5,1,6,2,
5,7,1,4,6,3,2,
2,4,1,7,3,5,6,
